from_stop,to_stop,Line70001,70003,Orange Line - toward Oak Grove70003,70005,Orange Line - toward Oak Grove70005,70007,Orange Line - toward Oak Grove70007,70009,Orange Line - toward Oak Grove70009,70011,Orange Line - toward Oak Grove70011,70013,Orange Line - toward Oak Grove70013,70015,Orange Line - toward Oak Grove70015,70017,Orange Line - toward Oak Grove70017,70019,Orange Line - toward Oak Grove70019,70021,Orange Line - toward Oak Grove70021,70023,Orange Line - toward Oak Grove70023,70025,Orange Line - toward Oak Grove70025,70027,Orange Line - toward Oak Grove70027,70029,Orange Line - toward Oak Grove70029,70031,Orange Line - toward Oak Grove70031,70279,Orange Line - toward Oak Grove70279,70033,Orange Line - toward Oak Grove70033,70035,Orange Line - toward Oak Grove70036,70034,Orange Line - toward Forest Hills70034,70032,Orange Line - toward Forest Hills70032,70278,Orange Line - toward Forest Hills70278,70030,Orange Line - toward Forest Hills70030,70028,Orange Line - toward Forest Hills70028,70026,Orange Line - toward Forest Hills70026,70024,Orange Line - toward Forest Hills70024,70022,Orange Line - toward Forest Hills70022,70020,Orange Line - toward Forest Hills70020,70018,Orange Line - toward Forest Hills70018,70016,Orange Line - toward Forest Hills70016,70014,Orange Line - toward Forest Hills70014,70012,Orange Line - toward Forest Hills70012,70010,Orange Line - toward Forest Hills70010,70008,Orange Line - toward Forest Hills70008,70006,Orange Line - toward Forest Hills70006,70004,Orange Line - toward Forest Hills70004,70002,Orange Line - toward Forest Hills70038,70040,Blue Line - toward Wonderland70040,70042,Blue Line - toward Wonderland70042,70044,Blue Line - toward Wonderland70044,70046,Blue Line - toward Wonderland70046,70048,Blue Line - toward Wonderland70048,70050,Blue Line - toward Wonderland70050,70052,Blue Line - toward Wonderland70052,70054,Blue Line - toward Wonderland70054,70056,Blue Line - toward Wonderland70056,70058,Blue Line - toward Wonderland70058,70060,Blue Line - toward Wonderland70059,70057,Blue Line - toward Bowdoin70057,70055,Blue Line - toward Bowdoin70055,70053,Blue Line - toward Bowdoin70053,70051,Blue Line - toward Bowdoin70051,70049,Blue Line - toward Bowdoin70049,70047,Blue Line - toward Bowdoin70047,70045,Blue Line - toward Bowdoin70045,70043,Blue Line - toward Bowdoin70043,70041,Blue Line - toward Bowdoin70041,70039,Blue Line - toward Bowdoin70061,70063,Red Line - toward Ashmont/Braintree70063,70065,Red Line - toward Ashmont/Braintree70065,70067,Red Line - toward Ashmont/Braintree70067,70069,Red Line - toward Ashmont/Braintree70069,70071,Red Line - toward Ashmont/Braintree70071,70073,Red Line - toward Ashmont/Braintree70073,70075,Red Line - toward Ashmont/Braintree70075,70077,Red Line - toward Ashmont/Braintree70077,70079,Red Line - toward Ashmont/Braintree70079,70081,Red Line - toward Ashmont/Braintree70081,70083,Red Line - toward Ashmont/Braintree70083,70085,Red Line - toward Ashmont/Braintree70085,70087,Red Line - toward Ashmont/Braintree70087,70089,Red Line - toward Ashmont/Braintree70089,70091,Red Line - toward Ashmont/Braintree70091,70093,Red Line - toward Ashmont/Braintree70094,70092,Red Line - toward Alewife70092,70090,Red Line - toward Alewife70090,70088,Red Line - toward Alewife70088,70086,Red Line - toward Alewife70086,70084,Red Line - toward Alewife70084,70082,Red Line - toward Alewife70082,70080,Red Line - toward Alewife70080,70078,Red Line - toward Alewife70078,70076,Red Line - toward Alewife70076,70074,Red Line - toward Alewife70074,70072,Red Line - toward Alewife70072,70070,Red Line - toward Alewife70070,70068,Red Line - toward Alewife70068,70066,Red Line - toward Alewife70066,70064,Red Line - toward Alewife70064,70062,Red Line - toward Alewife70083,70095,Red Line - toward Ashmont/Braintree70095,70097,Red Line - toward Ashmont/Braintree70097,70099,Red Line - toward Ashmont/Braintree70099,70101,Red Line - toward Ashmont/Braintree70101,70103,Red Line - toward Ashmont/Braintree70103,70105,Red Line - toward Ashmont/Braintree70104,70102,Red Line - toward Alewife70102,70100,Red Line - toward Alewife70100,70098,Red Line - toward Alewife70098,70096,Red Line - toward Alewife70096,70084,Red Line - toward Alewife70106,70110,Green Line - B Branch - toward Park/Lechmere70110,70112,Green Line - B Branch - toward Park/Lechmere70112,70114,Green Line - B Branch - toward Park/Lechmere70114,70116,Green Line - B Branch - toward Park/Lechmere70116,70118,Green Line - B Branch - toward Park/Lechmere70118,70120,Green Line - B Branch - toward Park/Lechmere70120,70122,Green Line - B Branch - toward Park/Lechmere70122,70124,Green Line - B Branch - toward Park/Lechmere70124,70126,Green Line - B Branch - toward Park/Lechmere70126,70128,Green Line - B Branch - toward Park/Lechmere70128,70130,Green Line - B Branch - toward Park/Lechmere70130,70132,Green Line - B Branch - toward Park/Lechmere70132,70134,Green Line - B Branch - toward Park/Lechmere70134,70136,Green Line - B Branch - toward Park/Lechmere70136,70138,Green Line - B Branch - toward Park/Lechmere70138,70140,Green Line - B Branch - toward Park/Lechmere70140,70142,Green Line - B Branch - toward Park/Lechmere70142,70144,Green Line - B Branch - toward Park/Lechmere70144,70146,Green Line - B Branch - toward Park/Lechmere70146,70148,Green Line - B Branch - toward Park/Lechmere70149,70147,Green Line - B Branch - toward Boston College70147,70145,Green Line - B Branch - toward Boston College70145,70143,Green Line - B Branch - toward Boston College70143,70141,Green Line - B Branch - toward Boston College70141,70139,Green Line - B Branch - toward Boston College70139,70137,Green Line - B Branch - toward Boston College70137,70135,Green Line - B Branch - toward Boston College70135,70133,Green Line - B Branch - toward Boston College70133,70131,Green Line - B Branch - toward Boston College70131,70129,Green Line - B Branch - toward Boston College70129,70127,Green Line - B Branch - toward Boston College70127,70125,Green Line - B Branch - toward Boston College70125,70123,Green Line - B Branch - toward Boston College70123,70121,Green Line - B Branch - toward Boston College70121,70119,Green Line - B Branch - toward Boston College70119,70117,Green Line - B Branch - toward Boston College70117,70115,Green Line - B Branch - toward Boston College70115,70113,Green Line - B Branch - toward Boston College70113,70111,Green Line - B Branch - toward Boston College70111,70109,Green Line - B Branch - toward Boston College70109,70107,Green Line - B Branch - toward Boston College70107,70105,Green Line - B Branch - toward Boston College70160,70162,Green Line - D Branch - toward Park/Lechmere70162,70164,Green Line - D Branch - toward Park/Lechmere70164,70166,Green Line - D Branch - toward Park/Lechmere70166,70168,Green Line - D Branch - toward Park/Lechmere70168,70170,Green Line - D Branch - toward Park/Lechmere70170,70172,Green Line - D Branch - toward Park/Lechmere70172,70174,Green Line - D Branch - toward Park/Lechmere70174,70176,Green Line - D Branch - toward Park/Lechmere70176,70178,Green Line - D Branch - toward Park/Lechmere70178,70180,Green Line - D Branch - toward Park/Lechmere70180,70182,Green Line - D Branch - toward Park/Lechmere70182,70184,Green Line - D Branch - toward Park/Lechmere70184,70186,Green Line - D Branch - toward Park/Lechmere70187,70185,Green Line - D Branch - toward Riverside70185,70183,Green Line - D Branch - toward Riverside70183,70181,Green Line - D Branch - toward Riverside70181,70179,Green Line - D Branch - toward Riverside70179,70177,Green Line - D Branch - toward Riverside70177,70175,Green Line - D Branch - toward Riverside70175,70173,Green Line - D Branch - toward Riverside70173,70171,Green Line - D Branch - toward Riverside70171,70169,Green Line - D Branch - toward Riverside70169,70167,Green Line - D Branch - toward Riverside70167,70165,Green Line - D Branch - toward Riverside70165,70163,Green Line - D Branch - toward Riverside70163,70161,Green Line - D Branch - toward Riverside70211,70213,Green Line - C Branch - toward Cleveland Circle70213,70215,Green Line - C Branch - toward Cleveland Circle70215,70217,Green Line - C Branch - toward Cleveland Circle70217,70219,Green Line - C Branch - toward Cleveland Circle70219,70221,Green Line - C Branch - toward Cleveland Circle70221,70223,Green Line - C Branch - toward Cleveland Circle70223,70225,Green Line - C Branch - toward Cleveland Circle70225,70227,Green Line - C Branch - toward Cleveland Circle70227,70229,Green Line - C Branch - toward Cleveland Circle70229,70231,Green Line - C Branch - toward Cleveland Circle70231,70233,Green Line - C Branch - toward Cleveland Circle70233,70235,Green Line - C Branch - toward Cleveland Circle70235,70237,Green Line - C Branch - toward Cleveland Circle70238,70236,Green Line - C Branch - toward Park/Lechmere70236,70234,Green Line - C Branch - toward Park/Lechmere70234,70232,Green Line - C Branch - toward Park/Lechmere70232,70230,Green Line - C Branch - toward Park/Lechmere70230,70228,Green Line - C Branch - toward Park/Lechmere70228,70226,Green Line - C Branch - toward Park/Lechmere70226,70224,Green Line - C Branch - toward Park/Lechmere70224,70222,Green Line - C Branch - toward Park/Lechmere70222,70220,Green Line - C Branch - toward Park/Lechmere70220,70218,Green Line - C Branch - toward Park/Lechmere70218,70216,Green Line - C Branch - toward Park/Lechmere70216,70214,Green Line - C Branch - toward Park/Lechmere70214,70212,Green Line - C Branch - toward Park/Lechmere70239,70241,Green Line - E Branch - toward Heath70241,70243,Green Line - E Branch - toward Heath70243,70245,Green Line - E Branch - toward Heath70245,70247,Green Line - E Branch - toward Heath70247,70249,Green Line - E Branch - toward Heath70249,70251,Green Line - E Branch - toward Heath70251,70253,Green Line - E Branch - toward Heath70253,70255,Green Line - E Branch - toward Heath70255,70257,Green Line - E Branch - toward Heath70257,70259,Green Line - E Branch - toward Heath70260,70258,Green Line - E Branch - toward Park/Lechmere70258,70256,Green Line - E Branch - toward Park/Lechmere70256,70254,Green Line - E Branch - toward Park/Lechmere70254,70252,Green Line - E Branch - toward Park/Lechmere70252,70250,Green Line - E Branch - toward Park/Lechmere70250,70248,Green Line - E Branch - toward Park/Lechmere70248,70246,Green Line - E Branch - toward Park/Lechmere70246,70244,Green Line - E Branch - toward Park/Lechmere70244,70242,Green Line - E Branch - toward Park/Lechmere70242,70240,Green Line - E Branch - toward Park/Lechmere70148,70150,Green Line - Downtown - toward Lechmere70150,70152,Green Line - Downtown - toward Lechmere70152,70154,Green Line - Downtown - toward Lechmere70154,70156,Green Line - Downtown - toward Lechmere70156,70158,Green Line - Downtown - toward Lechmere70158,70200,Green Line - Downtown - toward Lechmere70200,70201,Green Line - Downtown - toward Lechmere70201,70203,Green Line - Downtown - toward Lechmere70203,70205,Green Line - Downtown - toward Lechmere70205,70207,Green Line - Downtown - toward Lechmere70207,70209,Green Line - Downtown - toward Lechmere70212,70150,Green Line - Downtown - toward Lechmere70186,70150,Green Line - Downtown - toward Lechmere70240,70154,Green Line - Downtown - toward Lechmere70210,70208,"Green Line - Downtown - toward B,C,D,E"70208,70206,"Green Line - Downtown - toward B,C,D,E"70206,70204,"Green Line - Downtown - toward B,C,D,E"70204,70202,"Green Line - Downtown - toward B,C,D,E"70202,70199,"Green Line - Downtown - toward B,C,D,E"70202,70198,"Green Line - Downtown - toward B,C,D,E"70202,70197,"Green Line - Downtown - toward B,C,D,E"70202,70196,"Green Line - Downtown - toward B,C,D,E"70199,70159,"Green Line - Downtown - toward B,C,D,E"70198,70159,"Green Line - Downtown - toward B,C,D,E"70197,70159,"Green Line - Downtown - toward B,C,D,E"70196,70159,"Green Line - Downtown - toward B,C,D,E"70159,70157,"Green Line - Downtown - toward B,C,D,E"70157,70155,"Green Line - Downtown - toward B,C,D,E"70155,70153,"Green Line - Downtown - toward B,C,D,E"70153,70151,"Green Line - Downtown - toward B,C,D,E"70151,70149,"Green Line - Downtown - toward B,C,D,E"70155,70239,"Green Line - Downtown - toward B,C,D,E"70151,70211,"Green Line - Downtown - toward B,C,D,E"70151,70187,"Green Line - Downtown - toward B,C,D,E"