"","from_stop","to_stop","from.stop.code","from.stop.name","from.stop.desc","from.parent.stat","to.stop.code","to.stop.name","to.stop.desc","to.parent.stat"
"1",70004,70002,70004,"Stony Brook","Stony Brook - Orange Line - Forest Hills","place-sbmnl",70002,"Green Street","Green Street - Orange Line - Forest Hills","place-grnst"
"2",70001,70003,70001,"Forest Hills","Forest Hills - Orange Line","place-forhl",70003,"Green Street","Green Street - Orange Line - Oak Grove","place-grnst"
"3",70006,70004,70006,"Jackson Square","Jackson Square - Orange Line - Forest Hills","place-jaksn",70004,"Stony Brook","Stony Brook - Orange Line - Forest Hills","place-sbmnl"
"4",70003,70005,70003,"Green Street","Green Street - Orange Line - Oak Grove","place-grnst",70005,"Stony Brook","Stony Brook - Orange Line - Oak Grove","place-sbmnl"
"5",70008,70006,70008,"Roxbury Crossing","Roxbury Crossing - Orange Line - Forest Hills","place-rcmnl",70006,"Jackson Square","Jackson Square - Orange Line - Forest Hills","place-jaksn"
"6",70005,70007,70005,"Stony Brook","Stony Brook - Orange Line - Oak Grove","place-sbmnl",70007,"Jackson Square","Jackson Square - Orange Line - Oak Grove","place-jaksn"
"7",70010,70008,70010,"Ruggles","Ruggles - Orange Line - Forest Hills","place-rugg",70008,"Roxbury Crossing","Roxbury Crossing - Orange Line - Forest Hills","place-rcmnl"
"8",70007,70009,70007,"Jackson Square","Jackson Square - Orange Line - Oak Grove","place-jaksn",70009,"Roxbury Crossing","Roxbury Crossing - Orange Line - Oak Grove","place-rcmnl"
"9",70012,70010,70012,"Massachusetts Avenue","Massachusetts Avenue - Orange Line - Forest Hills","place-masta",70010,"Ruggles","Ruggles - Orange Line - Forest Hills","place-rugg"
"10",70009,70011,70009,"Roxbury Crossing","Roxbury Crossing - Orange Line - Oak Grove","place-rcmnl",70011,"Ruggles","Ruggles - Orange Line - Oak Grove","place-rugg"
"11",70014,70012,70014,"Back Bay","Back Bay - Orange Line - Forest Hills","place-bbsta",70012,"Massachusetts Avenue","Massachusetts Avenue - Orange Line - Forest Hills","place-masta"
"12",70011,70013,70011,"Ruggles","Ruggles - Orange Line - Oak Grove","place-rugg",70013,"Massachusetts Avenue","Massachusetts Avenue - Orange Line - Oak Grove","place-masta"
"13",70016,70014,70016,"Tufts Medical Center","Tufts Medical Center - Orange Line - Forest Hills","place-tumnl",70014,"Back Bay","Back Bay - Orange Line - Forest Hills","place-bbsta"
"14",70013,70015,70013,"Massachusetts Avenue","Massachusetts Avenue - Orange Line - Oak Grove","place-masta",70015,"Back Bay","Back Bay - Orange Line - Oak Grove","place-bbsta"
"15",70018,70016,70018,"Chinatown","Chinatown - Orange Line - Forest Hills","place-chncl",70016,"Tufts Medical Center","Tufts Medical Center - Orange Line - Forest Hills","place-tumnl"
"16",70015,70017,70015,"Back Bay","Back Bay - Orange Line - Oak Grove","place-bbsta",70017,"Tufts Medical Center","Tufts Medical Center - Orange Line - Oak Grove","place-tumnl"
"17",70020,70018,70020,"Downtown Crossing","Downtown Crossing - Orange Line - Forest Hills","place-dwnxg",70018,"Chinatown","Chinatown - Orange Line - Forest Hills","place-chncl"
"18",70017,70019,70017,"Tufts Medical Center","Tufts Medical Center - Orange Line - Oak Grove","place-tumnl",70019,"Chinatown","Chinatown - Orange Line - Oak Grove","place-chncl"
"19",70022,70020,70022,"State Street","State Street - Orange Line - Forest Hills","place-state",70020,"Downtown Crossing","Downtown Crossing - Orange Line - Forest Hills","place-dwnxg"
"20",70019,70021,70019,"Chinatown","Chinatown - Orange Line - Oak Grove","place-chncl",70021,"Downtown Crossing","Downtown Crossing - Orange Line - Oak Grove","place-dwnxg"
"21",70024,70022,70024,"Haymarket","Haymarket - Orange Line - Forest Hills","place-haecl",70022,"State Street","State Street - Orange Line - Forest Hills","place-state"
"22",70021,70023,70021,"Downtown Crossing","Downtown Crossing - Orange Line - Oak Grove","place-dwnxg",70023,"State Street","State Street - Orange Line - Oak Grove","place-state"
"23",70026,70024,70026,"North Station","North Station - Orange Line - Forest Hills","place-north",70024,"Haymarket","Haymarket - Orange Line - Forest Hills","place-haecl"
"24",70023,70025,70023,"State Street","State Street - Orange Line - Oak Grove","place-state",70025,"Haymarket","Haymarket - Orange Line - Oak Grove","place-haecl"
"25",70028,70026,70028,"Community College","Community College - Orange Line - Forest Hills","place-ccmnl",70026,"North Station","North Station - Orange Line - Forest Hills","place-north"
"26",70025,70027,70025,"Haymarket","Haymarket - Orange Line - Oak Grove","place-haecl",70027,"North Station","North Station - Orange Line - Oak Grove","place-north"
"27",70030,70028,70030,"Sullivan Square","Sullivan Square - Orange Line - Forest Hills","place-sull",70028,"Community College","Community College - Orange Line - Forest Hills","place-ccmnl"
"28",70027,70029,70027,"North Station","North Station - Orange Line - Oak Grove","place-north",70029,"Community College","Community College - Orange Line - Oak Grove","place-ccmnl"
"29",70278,70030,70278,"Assembly","Assembly - Orange Line - Forest Hills","place-astao",70030,"Sullivan Square","Sullivan Square - Orange Line - Forest Hills","place-sull"
"30",70029,70031,70029,"Community College","Community College - Orange Line - Oak Grove","place-ccmnl",70031,"Sullivan Square","Sullivan Square - Orange Line - Oak Grove","place-sull"
"31",70034,70032,70034,"Malden Center","Malden Center - Orange Line - Forest Hills","place-mlmnl",70032,"Wellington","Wellington - Orange Line - Forest Hills","place-welln"
"32",70279,70033,70279,"Assembly","Assembly - Orange Line - Oak Grove","place-astao",70033,"Wellington","Wellington - Orange Line - Oak Grove","place-welln"
"33",70036,70034,70036,"Oak Grove","Oak Grove - Orange Line","place-ogmnl",70034,"Malden Center","Malden Center - Orange Line - Forest Hills","place-mlmnl"
"34",70033,70035,70033,"Wellington","Wellington - Orange Line - Oak Grove","place-welln",70035,"Malden Center","Malden Center - Orange Line - Oak Grove","place-mlmnl"
"35",70041,70039,70041,"State Street","State Street - Blue Line - Bowdoin","place-state",70039,"Government Center","Government Center - Blue Line - Bowdoin","place-gover"
"36",70038,70040,70038,"Bowdoin","Bowdoin - Blue Line - Wonderland","place-bomnl",70040,"Government Center","Government Center - Blue Line - Wonderland","place-gover"
"37",70043,70041,70043,"Aquarium","Aquarium - Blue Line - Bowdoin","place-aqucl",70041,"State Street","State Street - Blue Line - Bowdoin","place-state"
"38",70040,70042,70040,"Government Center","Government Center - Blue Line - Wonderland","place-gover",70042,"State Street","State Street - Blue Line - Wonderland","place-state"
"39",70045,70043,70045,"Maverick","Maverick - Blue Line - Bowdoin","place-mvbcl",70043,"Aquarium","Aquarium - Blue Line - Bowdoin","place-aqucl"
"40",70042,70044,70042,"State Street","State Street - Blue Line - Wonderland","place-state",70044,"Aquarium","Aquarium - Blue Line - Wonderland","place-aqucl"
"41",70047,70045,70047,"Airport","Airport - Blue Line - Bowdoin","place-aport",70045,"Maverick","Maverick - Blue Line - Bowdoin","place-mvbcl"
"42",70044,70046,70044,"Aquarium","Aquarium - Blue Line - Wonderland","place-aqucl",70046,"Maverick","Maverick - Blue Line - Wonderland","place-mvbcl"
"43",70049,70047,70049,"Wood Island","Wood Island - Blue Line - Bowdoin","place-wimnl",70047,"Airport","Airport - Blue Line - Bowdoin","place-aport"
"44",70046,70048,70046,"Maverick","Maverick - Blue Line - Wonderland","place-mvbcl",70048,"Airport","Airport - Blue Line - Wonderland","place-aport"
"45",70051,70049,70051,"Orient Heights","Orient Heights - Blue Line - Bowdoin","place-orhte",70049,"Wood Island","Wood Island - Blue Line - Bowdoin","place-wimnl"
"46",70048,70050,70048,"Airport","Airport - Blue Line - Wonderland","place-aport",70050,"Wood Island","Wood Island - Blue Line - Wonderland","place-wimnl"
"47",70053,70051,70053,"Suffolk Downs","Suffolk Downs - Blue Line - Bowdoin","place-sdmnl",70051,"Orient Heights","Orient Heights - Blue Line - Bowdoin","place-orhte"
"48",70050,70052,70050,"Wood Island","Wood Island - Blue Line - Wonderland","place-wimnl",70052,"Orient Heights","Orient Heights - Blue Line - Wonderland","place-orhte"
"49",70055,70053,70055,"Beachmont","Beachmont - Blue Line - Bowdoin","place-bmmnl",70053,"Suffolk Downs","Suffolk Downs - Blue Line - Bowdoin","place-sdmnl"
"50",70052,70054,70052,"Orient Heights","Orient Heights - Blue Line - Wonderland","place-orhte",70054,"Suffolk Downs","Suffolk Downs - Blue Line - Wonderland","place-sdmnl"
"51",70057,70055,70057,"Revere Beach","Revere Beach - Blue Line - Bowdoin","place-rbmnl",70055,"Beachmont","Beachmont - Blue Line - Bowdoin","place-bmmnl"
"52",70054,70056,70054,"Suffolk Downs","Suffolk Downs - Blue Line - Wonderland","place-sdmnl",70056,"Beachmont","Beachmont - Blue Line - Wonderland","place-bmmnl"
"53",70059,70057,70059,"Wonderland","Wonderland - Blue Line - Bowdoin","place-wondl",70057,"Revere Beach","Revere Beach - Blue Line - Bowdoin","place-rbmnl"
"54",70056,70058,70056,"Beachmont","Beachmont - Blue Line - Wonderland","place-bmmnl",70058,"Revere Beach","Revere Beach - Blue Line - Wonderland","place-rbmnl"
"55",70058,70060,70058,"Revere Beach","Revere Beach - Blue Line - Wonderland","place-rbmnl",70060,"Wonderland","Wonderland - Blue Line - Exit Only","place-wondl"
"56",70061,70063,70061,"Alewife","Alewife - Red Line","place-alfcl",70063,"Davis","Davis - Red Line - Ashmont/Braintree","place-davis"
"57",70066,70064,70066,"Porter","Porter - Red Line - Alewife","place-portr",70064,"Davis","Davis - Red Line - Alewife","place-davis"
"58",70063,70065,70063,"Davis","Davis - Red Line - Ashmont/Braintree","place-davis",70065,"Porter","Porter - Red Line - Ashmont/Braintree","place-portr"
"59",70068,70066,70068,"Harvard","Harvard - Red Line - Alewife","place-harsq",70066,"Porter","Porter - Red Line - Alewife","place-portr"
"60",70065,70067,70065,"Porter","Porter - Red Line - Ashmont/Braintree","place-portr",70067,"Harvard","Harvard - Red Line - Ashmont/Braintree","place-harsq"
"61",70070,70068,70070,"Central","Central - Red Line - Alewife","place-cntsq",70068,"Harvard","Harvard - Red Line - Alewife","place-harsq"
"62",70067,70069,70067,"Harvard","Harvard - Red Line - Ashmont/Braintree","place-harsq",70069,"Central","Central - Red Line - Ashmont/Braintree","place-cntsq"
"63",70072,70070,70072,"Kendall/MIT","Kendall/MIT - Red Line - Alewife","place-knncl",70070,"Central","Central - Red Line - Alewife","place-cntsq"
"64",70069,70071,70069,"Central","Central - Red Line - Ashmont/Braintree","place-cntsq",70071,"Kendall/MIT","Kendall/MIT - Red Line - Ashmont/Braintree","place-knncl"
"65",70074,70072,70074,"Charles/MGH","Charles/MGH - Red Line - Alewife","place-chmnl",70072,"Kendall/MIT","Kendall/MIT - Red Line - Alewife","place-knncl"
"66",70071,70073,70071,"Kendall/MIT","Kendall/MIT - Red Line - Ashmont/Braintree","place-knncl",70073,"Charles/MGH","Charles/MGH - Red Line - Ashmont/Braintree","place-chmnl"
"67",70076,70074,70076,"Park Street","Park Street - Red Line - Alewife","place-pktrm",70074,"Charles/MGH","Charles/MGH - Red Line - Alewife","place-chmnl"
"68",70073,70075,70073,"Charles/MGH","Charles/MGH - Red Line - Ashmont/Braintree","place-chmnl",70075,"Park Street","Park Street - Red Line - Ashmont/Braintree","place-pktrm"
"69",70078,70076,70078,"Downtown Crossing","Downtown Crossing - Red Line - Alewife","place-dwnxg",70076,"Park Street","Park Street - Red Line - Alewife","place-pktrm"
"70",70075,70077,70075,"Park Street","Park Street - Red Line - Ashmont/Braintree","place-pktrm",70077,"Downtown Crossing","Downtown Crossing - Red Line - Ashmont/Braintree","place-dwnxg"
"71",70080,70078,70080,"South Station","South Station - Red Line - Alewife","place-sstat",70078,"Downtown Crossing","Downtown Crossing - Red Line - Alewife","place-dwnxg"
"72",70077,70079,70077,"Downtown Crossing","Downtown Crossing - Red Line - Ashmont/Braintree","place-dwnxg",70079,"South Station","South Station - Red Line - Ashmont/Braintree","place-sstat"
"73",70082,70080,70082,"Broadway","Broadway - Red Line - Alewife","place-brdwy",70080,"South Station","South Station - Red Line - Alewife","place-sstat"
"74",70079,70081,70079,"South Station","South Station - Red Line - Ashmont/Braintree","place-sstat",70081,"Broadway","Broadway - Red Line - Ashmont/Braintree","place-brdwy"
"75",70084,70082,70084,"Andrew","Andrew - Red Line - Alewife","place-andrw",70082,"Broadway","Broadway - Red Line - Alewife","place-brdwy"
"76",70081,70083,70081,"Broadway","Broadway - Red Line - Ashmont/Braintree","place-brdwy",70083,"Andrew","Andrew - Red Line - Ashmont/Braintree","place-andrw"
"77",70086,70084,70086,"JFK/UMass","JFK/UMass - Red Line - Alewife (from Ashmont)","place-jfk",70084,"Andrew","Andrew - Red Line - Alewife","place-andrw"
"78",70096,70084,70096,"JFK/UMass","JFK/UMass - Red Line - Alewife (from Braintree)","place-jfk",70084,"Andrew","Andrew - Red Line - Alewife","place-andrw"
"79",70083,70085,70083,"Andrew","Andrew - Red Line - Ashmont/Braintree","place-andrw",70085,"JFK/UMass","JFK/UMass - Red Line - Ashmont","place-jfk"
"80",70088,70086,70088,"Savin Hill","Savin Hill - Red Line - Alewife","place-shmnl",70086,"JFK/UMass","JFK/UMass - Red Line - Alewife (from Ashmont)","place-jfk"
"81",70085,70087,70085,"JFK/UMass","JFK/UMass - Red Line - Ashmont","place-jfk",70087,"Savin Hill","Savin Hill - Red Line - Ashmont","place-shmnl"
"82",70090,70088,70090,"Fields Corner","Fields Corner - Red Line - Alewife","place-fldcr",70088,"Savin Hill","Savin Hill - Red Line - Alewife","place-shmnl"
"83",70087,70089,70087,"Savin Hill","Savin Hill - Red Line - Ashmont","place-shmnl",70089,"Fields Corner","Fields Corner - Red Line - Ashmont","place-fldcr"
"84",70092,70090,70092,"Shawmut","Shawmut - Red Line - Alewife","place-smmnl",70090,"Fields Corner","Fields Corner - Red Line - Alewife","place-fldcr"
"85",70089,70091,70089,"Fields Corner","Fields Corner - Red Line - Ashmont","place-fldcr",70091,"Shawmut","Shawmut - Red Line - Ashmont","place-smmnl"
"86",70094,70092,70094,"Ashmont","Ashmont - Red Line - Alewife","place-asmnl",70092,"Shawmut","Shawmut - Red Line - Alewife","place-smmnl"
"87",70091,70093,70091,"Shawmut","Shawmut - Red Line - Ashmont","place-smmnl",70093,"Ashmont","Ashmont - Red Line - Exit Only","place-asmnl"
"88",70083,70095,70083,"Andrew","Andrew - Red Line - Ashmont/Braintree","place-andrw",70095,"JFK/UMass","JFK/UMass - Red Line - Braintree","place-jfk"
"89",70098,70096,70098,"North Quincy","North Quincy - Red Line - Alewife","place-nqncy",70096,"JFK/UMass","JFK/UMass - Red Line - Alewife (from Braintree)","place-jfk"
"90",70095,70097,70095,"JFK/UMass","JFK/UMass - Red Line - Braintree","place-jfk",70097,"North Quincy","North Quincy - Red Line - Braintree","place-nqncy"
"91",70100,70098,70100,"Wollaston","Wollaston - Red Line - Alewife","place-wlsta",70098,"North Quincy","North Quincy - Red Line - Alewife","place-nqncy"
"92",70097,70099,70097,"North Quincy","North Quincy - Red Line - Braintree","place-nqncy",70099,"Wollaston","Wollaston - Red Line - Braintree","place-wlsta"
"93",70102,70100,70102,"Quincy Center","Quincy Center - Red Line - Alewife","place-qnctr",70100,"Wollaston","Wollaston - Red Line - Alewife","place-wlsta"
"94",70099,70101,70099,"Wollaston","Wollaston - Red Line - Braintree","place-wlsta",70101,"Quincy Center","Quincy Center - Red Line - Braintree","place-qnctr"
"95",70104,70102,70104,"Quincy Adams","Quincy Adams - Red Line - Alewife","place-qamnl",70102,"Quincy Center","Quincy Center - Red Line - Alewife","place-qnctr"
"96",70101,70103,70101,"Quincy Center","Quincy Center - Red Line - Braintree","place-qnctr",70103,"Quincy Adams","Quincy Adams - Red Line - Braintree","place-qamnl"
"97",70103,70105,70103,"Quincy Adams","Quincy Adams - Red Line - Braintree","place-qamnl",70105,"Braintree","Braintree - Red Line","place-brntn"
"98",70107,70105,70107,"Boston College","Boston College - Green Line - Exit Only","place-lake",70105,"Braintree","Braintree - Red Line","place-brntn"
"99",70106,70110,70106,"Boston College","Boston College - Green Line - Park Street & North","place-lake",70110,"South Street","South Street - Green Line - Park Street & North","place-sougr"
"100",70113,70111,70113,"Chestnut Hill Avenue","Chestnut Hill Avenue - Green Line - (B) Boston College","place-chill",70111,"South Street","South Street - Green Line - (B) Boston College","place-sougr"
"101",70110,70112,70110,"South Street","South Street - Green Line - Park Street & North","place-sougr",70112,"Chestnut Hill Avenue","Chestnut Hill Avenue - Green Line - Park Street & North","place-chill"
"102",70115,70113,70115,"Chiswick Road","Chiswick Road - Green Line - (B) Boston College","place-chswk",70113,"Chestnut Hill Avenue","Chestnut Hill Avenue - Green Line - (B) Boston College","place-chill"
"103",70112,70114,70112,"Chestnut Hill Avenue","Chestnut Hill Avenue - Green Line - Park Street & North","place-chill",70114,"Chiswick Road","Chiswick Road - Green Line - Park Street & North","place-chswk"
"104",70117,70115,70117,"Sutherland Road","Sutherland Road - Green Line - (B) Boston College","place-sthld",70115,"Chiswick Road","Chiswick Road - Green Line - (B) Boston College","place-chswk"
"105",70114,70116,70114,"Chiswick Road","Chiswick Road - Green Line - Park Street & North","place-chswk",70116,"Sutherland Road","Sutherland Road - Green Line - Park Street & North","place-sthld"
"106",70127,70125,70127,"Allston Street","Allston Street - Green Line - (B) Boston College","place-alsgr",70125,"Warren Street","Warren Street - Green Line - (B) Boston College","place-wrnst"
"107",70124,70126,70124,"Warren Street","Warren Street - Green Line - Park Street & North","place-wrnst",70126,"Allston Street","Allston Street - Green Line - Park Street & North","place-alsgr"
"108",70129,70127,70129,"Griggs Street","Griggs Street - Green Line - (B) Boston College","place-grigg",70127,"Allston Street","Allston Street - Green Line - (B) Boston College","place-alsgr"
"109",70126,70128,70126,"Allston Street","Allston Street - Green Line - Park Street & North","place-alsgr",70128,"Griggs Street","Griggs Street - Green Line - Park Street & North","place-grigg"
"110",70131,70129,70131,"Harvard Avenue","Harvard Avenue - Green Line - (B) Boston College","place-harvd",70129,"Griggs Street","Griggs Street - Green Line - (B) Boston College","place-grigg"
"111",70128,70130,70128,"Griggs Street","Griggs Street - Green Line - Park Street & North","place-grigg",70130,"Harvard Avenue","Harvard Avenue - Green Line - Park Street & North","place-harvd"
"112",70137,70135,70137,"Babcock Street","Babcock Street - Green Line - (B) Boston College","place-babck",70135,"Packards Corner","Packards Corner - Green Line - (B) Boston College","place-brico"
"113",70134,70136,70134,"Packards Corner","Packards Corner - Green Line - Park Street & North","place-brico",70136,"Babcock Street","Babcock Street - Green Line - Park Street & North","place-babck"
"114",70139,70137,70139,"Pleasant Street","Pleasant Street - Green Line - (B) Boston College","place-plsgr",70137,"Babcock Street","Babcock Street - Green Line - (B) Boston College","place-babck"
"115",70136,70138,70136,"Babcock Street","Babcock Street - Green Line - Park Street & North","place-babck",70138,"Pleasant Street","Pleasant Street - Green Line - Park Street & North","place-plsgr"
"116",70141,70139,70141,"Saint Paul Street","Saint Paul Street - Green Line - (B) Boston College","place-stplb",70139,"Pleasant Street","Pleasant Street - Green Line - (B) Boston College","place-plsgr"
"117",70138,70140,70138,"Pleasant Street","Pleasant Street - Green Line - Park Street & North","place-plsgr",70140,"Saint Paul Street","Saint Paul Street - Green Line - Park Street & North","place-stplb"
"118",70143,70141,70143,"Boston University West","Boston University West - Green Line - (B) Boston College","place-buwst",70141,"Saint Paul Street","Saint Paul Street - Green Line - (B) Boston College","place-stplb"
"119",70140,70142,70140,"Saint Paul Street","Saint Paul Street - Green Line - Park Street & North","place-stplb",70142,"Boston University West","Boston University West - Green Line - Park Street & North","place-buwst"
"120",70145,70143,70145,"Boston University Central","Boston University Central - Green Line - (B) Boston College","place-bucen",70143,"Boston University West","Boston University West - Green Line - (B) Boston College","place-buwst"
"121",70142,70144,70142,"Boston University West","Boston University West - Green Line - Park Street & North","place-buwst",70144,"Boston University Central","Boston University Central - Green Line - Park Street & North","place-bucen"
"122",70147,70145,70147,"Boston University East","Boston University East - Green Line - (B) Boston College","place-buest",70145,"Boston University Central","Boston University Central - Green Line - (B) Boston College","place-bucen"
"123",70144,70146,70144,"Boston University Central","Boston University Central - Green Line - Park Street & North","place-bucen",70146,"Boston University East","Boston University East - Green Line - Park Street & North","place-buest"
"124",70149,70147,70149,"Blandford Street","Blandford Street - Green Line - (B) Boston College","place-bland",70147,"Boston University East","Boston University East - Green Line - (B) Boston College","place-buest"
"125",70146,70148,70146,"Boston University East","Boston University East - Green Line - Park Street & North","place-buest",70148,"Blandford Street","Blandford Street - Green Line - Park Street & North","place-bland"
"126",70151,70149,70151,"Kenmore","Kenmore - Green Line - Boston College/Cleveland Circle/Riverside","place-kencl",70149,"Blandford Street","Blandford Street - Green Line - (B) Boston College","place-bland"
"127",70212,70150,70212,"Saint Marys Street","Saint Marys Street - Green Line - Park Street & North","place-smary",70150,"Kenmore","Kenmore - Green Line - Park Street & North","place-kencl"
"128",70148,70150,70148,"Blandford Street","Blandford Street - Green Line - Park Street & North","place-bland",70150,"Kenmore","Kenmore - Green Line - Park Street & North","place-kencl"
"129",70186,70150,70186,"Fenway","Fenway - Green Line - Park Street & North","place-fenwy",70150,"Kenmore","Kenmore - Green Line - Park Street & North","place-kencl"
"130",70153,70151,70153,"Hynes Convention Center","Hynes Convention Center - Green Line - Kenmore & West","place-hymnl",70151,"Kenmore","Kenmore - Green Line - Boston College/Cleveland Circle/Riverside","place-kencl"
"131",70150,70152,70150,"Kenmore","Kenmore - Green Line - Park Street & North","place-kencl",70152,"Hynes Convention Center","Hynes Convention Center - Green Line - Park Street & North","place-hymnl"
"132",70155,70153,70155,"Copley","Copley - Green Line - Kenmore & West/Heath Street","place-coecl",70153,"Hynes Convention Center","Hynes Convention Center - Green Line - Kenmore & West","place-hymnl"
"133",70152,70154,70152,"Hynes Convention Center","Hynes Convention Center - Green Line - Park Street & North","place-hymnl",70154,"Copley","Copley - Green Line - Park Street & North","place-coecl"
"134",70240,70154,70240,"Prudential","Prudential - Green Line - Park Street & North","place-prmnl",70154,"Copley","Copley - Green Line - Park Street & North","place-coecl"
"135",70157,70155,70157,"Arlington","Arlington - Green Line - Copley & West","place-armnl",70155,"Copley","Copley - Green Line - Kenmore & West/Heath Street","place-coecl"
"136",70154,70156,70154,"Copley","Copley - Green Line - Park Street & North","place-coecl",70156,"Arlington","Arlington - Green Line - Park Street & North","place-armnl"
"137",70159,70157,70159,"Boylston","Boylston - Green Line - Copley & West","place-boyls",70157,"Arlington","Arlington - Green Line - Copley & West","place-armnl"
"138",70156,70158,70156,"Arlington","Arlington - Green Line - Park Street & North","place-armnl",70158,"Boylston","Boylston - Green Line - Park Street & North","place-boyls"
"139",70196,70159,70196,"Park Street","Park Street - Green Line - (B) Boston College","place-pktrm",70159,"Boylston","Boylston - Green Line - Copley & West","place-boyls"
"140",70197,70159,70197,"Park Street","Park Street - Green Line - (C) Cleveland Circle","place-pktrm",70159,"Boylston","Boylston - Green Line - Copley & West","place-boyls"
"141",70199,70159,70199,"Park Street","Park Street - Green Line - (E) Heath Street","place-pktrm",70159,"Boylston","Boylston - Green Line - Copley & West","place-boyls"
"142",70198,70159,70198,"Park Street","Park Street - Green Line - (D) Riverside","place-pktrm",70159,"Boylston","Boylston - Green Line - Copley & West","place-boyls"
"143",70163,70161,70163,"Woodland","Woodland - Green Line - (D) Riverside","place-woodl",70161,"Riverside","Riverside - Green Line - Exit Only","place-river"
"144",70160,70162,70160,"Riverside","Riverside - Green Line - Park Street & North","place-river",70162,"Woodland","Woodland - Green Line - Park Street & North","place-woodl"
"145",70165,70163,70165,"Waban","Waban - Green Line - (D) Riverside","place-waban",70163,"Woodland","Woodland - Green Line - (D) Riverside","place-woodl"
"146",70162,70164,70162,"Woodland","Woodland - Green Line - Park Street & North","place-woodl",70164,"Waban","Waban - Green Line - Park Street & North","place-waban"
"147",70167,70165,70167,"Eliot","Eliot - Green Line - (D) Riverside","place-eliot",70165,"Waban","Waban - Green Line - (D) Riverside","place-waban"
"148",70164,70166,70164,"Waban","Waban - Green Line - Park Street & North","place-waban",70166,"Eliot","Eliot - Green Line - Park Street & North","place-eliot"
"149",70169,70167,70169,"Newton Highlands","Newton Highlands - Green Line - (D) Riverside","place-newtn",70167,"Eliot","Eliot - Green Line - (D) Riverside","place-eliot"
"150",70166,70168,70166,"Eliot","Eliot - Green Line - Park Street & North","place-eliot",70168,"Newton Highlands","Newton Highlands - Green Line - Park Street & North","place-newtn"
"151",70171,70169,70171,"Newton Centre","Newton Centre - Green Line - (D) Riverside","place-newto",70169,"Newton Highlands","Newton Highlands - Green Line - (D) Riverside","place-newtn"
"152",70168,70170,70168,"Newton Highlands","Newton Highlands - Green Line - Park Street & North","place-newtn",70170,"Newton Centre","Newton Centre - Green Line - Park Street & North","place-newto"
"153",70173,70171,70173,"Chestnut Hill","Chestnut Hill - Green Line - (D) Riverside","place-chhil",70171,"Newton Centre","Newton Centre - Green Line - (D) Riverside","place-newto"
"154",70170,70172,70170,"Newton Centre","Newton Centre - Green Line - Park Street & North","place-newto",70172,"Chestnut Hill","Chestnut Hill - Green Line - Park Street & North","place-chhil"
"155",70175,70173,70175,"Reservoir","Reservoir - Green Line - (D) Riverside","place-rsmnl",70173,"Chestnut Hill","Chestnut Hill - Green Line - (D) Riverside","place-chhil"
"156",70172,70174,70172,"Chestnut Hill","Chestnut Hill - Green Line - Park Street & North","place-chhil",70174,"Reservoir","Reservoir - Green Line - Park Street & North","place-rsmnl"
"157",70177,70175,70177,"Beaconsfield","Beaconsfield - Green Line - (D) Riverside","place-bcnfd",70175,"Reservoir","Reservoir - Green Line - (D) Riverside","place-rsmnl"
"158",70174,70176,70174,"Reservoir","Reservoir - Green Line - Park Street & North","place-rsmnl",70176,"Beaconsfield","Beaconsfield - Green Line - Park Street & North","place-bcnfd"
"159",70179,70177,70179,"Brookline Hills","Brookline Hills - Green Line - (D) Riverside","place-brkhl",70177,"Beaconsfield","Beaconsfield - Green Line - (D) Riverside","place-bcnfd"
"160",70176,70178,70176,"Beaconsfield","Beaconsfield - Green Line - Park Street & North","place-bcnfd",70178,"Brookline Hills","Brookline Hills - Green Line - Park Street & North","place-brkhl"
"161",70181,70179,70181,"Brookline Village","Brookline Village - Green Line - (D) Riverside","place-bvmnl",70179,"Brookline Hills","Brookline Hills - Green Line - (D) Riverside","place-brkhl"
"162",70178,70180,70178,"Brookline Hills","Brookline Hills - Green Line - Park Street & North","place-brkhl",70180,"Brookline Village","Brookline Village - Green Line - Park Street & North","place-bvmnl"
"163",70183,70181,70183,"Longwood","Longwood - Green Line - (D) Riverside","place-longw",70181,"Brookline Village","Brookline Village - Green Line - (D) Riverside","place-bvmnl"
"164",70180,70182,70180,"Brookline Village","Brookline Village - Green Line - Park Street & North","place-bvmnl",70182,"Longwood","Longwood - Green Line - Park Street & North","place-longw"
"165",70151,70187,70151,"Kenmore","Kenmore - Green Line - Boston College/Cleveland Circle/Riverside","place-kencl",70187,"Fenway","Fenway - Green Line - (D) Riverside","place-fenwy"
"166",70202,70196,70202,"Government Center","Government Center - Green Line - Copley & West","place-gover",70196,"Park Street","Park Street - Green Line - (B) Boston College","place-pktrm"
"167",70202,70197,70202,"Government Center","Government Center - Green Line - Copley & West","place-gover",70197,"Park Street","Park Street - Green Line - (C) Cleveland Circle","place-pktrm"
"168",70202,70198,70202,"Government Center","Government Center - Green Line - Copley & West","place-gover",70198,"Park Street","Park Street - Green Line - (D) Riverside","place-pktrm"
"169",70202,70199,70202,"Government Center","Government Center - Green Line - Copley & West","place-gover",70199,"Park Street","Park Street - Green Line - (E) Heath Street","place-pktrm"
"170",70158,70200,70158,"Boylston","Boylston - Green Line - Park Street & North","place-boyls",70200,"Park Street","Park Street - Green Line - Government Center & North","place-pktrm"
"171",70200,70201,70200,"Park Street","Park Street - Green Line - Government Center & North","place-pktrm",70201,"Government Center","Government Center - Green Line - North Station & North","place-gover"
"172",70204,70202,70204,"Haymarket","Haymarket - Green Line - Copley & West","place-haecl",70202,"Government Center","Government Center - Green Line - Copley & West","place-gover"
"173",70201,70203,70201,"Government Center","Government Center - Green Line - North Station & North","place-gover",70203,"Haymarket","Haymarket - Green Line - North Station & North","place-haecl"
"174",70206,70204,70206,"North Station","North Station - Green Line - Copley & West","place-north",70204,"Haymarket","Haymarket - Green Line - Copley & West","place-haecl"
"175",70203,70205,70203,"Haymarket","Haymarket - Green Line - North Station & North","place-haecl",70205,"North Station","North Station - Green Line - Lechmere","place-north"
"176",70208,70206,70208,"Science Park","Science Park - Green Line - Copley & West","place-spmnl",70206,"North Station","North Station - Green Line - Copley & West","place-north"
"177",70205,70207,70205,"North Station","North Station - Green Line - Lechmere","place-north",70207,"Science Park","Science Park - Green Line - Lechmere","place-spmnl"
"178",70210,70208,70210,"Lechmere","Lechmere - Green Line - Copley & West","place-lech",70208,"Science Park","Science Park - Green Line - Copley & West","place-spmnl"
"179",70207,70209,70207,"Science Park","Science Park - Green Line - Lechmere","place-spmnl",70209,"Lechmere","Lechmere - Green Line - Exit Only","place-lech"
"180",70151,70211,70151,"Kenmore","Kenmore - Green Line - Boston College/Cleveland Circle/Riverside","place-kencl",70211,"Saint Marys Street","Saint Marys Street - Green Line - (C) Cleveland Circle","place-smary"
"181",70214,70212,70214,"Hawes Street","Hawes Street - Green Line - Park Street & North","place-hwsst",70212,"Saint Marys Street","Saint Marys Street - Green Line - Park Street & North","place-smary"
"182",70211,70213,70211,"Saint Marys Street","Saint Marys Street - Green Line - (C) Cleveland Circle","place-smary",70213,"Hawes Street","Hawes Street - Green Line - (C) Cleveland Circle","place-hwsst"
"183",70216,70214,70216,"Kent Street","Kent Street - Green Line - Park Street & North","place-kntst",70214,"Hawes Street","Hawes Street - Green Line - Park Street & North","place-hwsst"
"184",70213,70215,70213,"Hawes Street","Hawes Street - Green Line - (C) Cleveland Circle","place-hwsst",70215,"Kent Street","Kent Street - Green Line - (C) Cleveland Circle","place-kntst"
"185",70218,70216,70218,"Saint Paul Street","Saint Paul Street - Green Line - Park Street & North","place-stpul",70216,"Kent Street","Kent Street - Green Line - Park Street & North","place-kntst"
"186",70215,70217,70215,"Kent Street","Kent Street - Green Line - (C) Cleveland Circle","place-kntst",70217,"Saint Paul Street","Saint Paul Street - Green Line - (C) Cleveland Circle","place-stpul"
"187",70220,70218,70220,"Coolidge Corner","Coolidge Corner - Green Line - Park Street & North","place-cool",70218,"Saint Paul Street","Saint Paul Street - Green Line - Park Street & North","place-stpul"
"188",70217,70219,70217,"Saint Paul Street","Saint Paul Street - Green Line - (C) Cleveland Circle","place-stpul",70219,"Coolidge Corner","Coolidge Corner - Green Line - (C) Cleveland Circle","place-cool"
"189",70226,70224,70226,"Brandon Hall","Brandon Hall - Green Line - Park Street & North","place-bndhl",70224,"Summit Avenue","Summit Avenue - Green Line - Park Street & North","place-sumav"
"190",70223,70225,70223,"Summit Avenue","Summit Avenue - Green Line - (C) Cleveland Circle","place-sumav",70225,"Brandon Hall","Brandon Hall - Green Line - (C) Cleveland Circle","place-bndhl"
"191",70228,70226,70228,"Fairbanks Street","Fairbanks Street - Green Line - Park Street & North","place-fbkst",70226,"Brandon Hall","Brandon Hall - Green Line - Park Street & North","place-bndhl"
"192",70225,70227,70225,"Brandon Hall","Brandon Hall - Green Line - (C) Cleveland Circle","place-bndhl",70227,"Fairbanks Street","Fairbanks Street - Green Line - (C) Cleveland Circle","place-fbkst"
"193",70230,70228,70230,"Washington Square","Washington Square - Green Line - Park Street & North","place-bcnwa",70228,"Fairbanks Street","Fairbanks Street - Green Line - Park Street & North","place-fbkst"
"194",70227,70229,70227,"Fairbanks Street","Fairbanks Street - Green Line - (C) Cleveland Circle","place-fbkst",70229,"Washington Square","Washington Square - Green Line - (C) Cleveland Circle","place-bcnwa"
"195",70232,70230,70232,"Tappan Street","Tappan Street - Green Line - Park Street & North","place-tapst",70230,"Washington Square","Washington Square - Green Line - Park Street & North","place-bcnwa"
"196",70229,70231,70229,"Washington Square","Washington Square - Green Line - (C) Cleveland Circle","place-bcnwa",70231,"Tappan Street","Tappan Street - Green Line - (C) Cleveland Circle","place-tapst"
"197",70234,70232,70234,"Dean Road","Dean Road - Green Line - Park Street & North","place-denrd",70232,"Tappan Street","Tappan Street - Green Line - Park Street & North","place-tapst"
"198",70231,70233,70231,"Tappan Street","Tappan Street - Green Line - (C) Cleveland Circle","place-tapst",70233,"Dean Road","Dean Road - Green Line - (C) Cleveland Circle","place-denrd"
"199",70236,70234,70236,"Englewood Avenue","Englewood Avenue - Green Line - Park Street & North","place-engav",70234,"Dean Road","Dean Road - Green Line - Park Street & North","place-denrd"
"200",70233,70235,70233,"Dean Road","Dean Road - Green Line - (C) Cleveland Circle","place-denrd",70235,"Englewood Avenue","Englewood Avenue - Green Line - (C) Cleveland Circle","place-engav"
"201",70238,70236,70238,"Cleveland Circle","Cleveland Circle - Green Line - Park Street & North","place-clmnl",70236,"Englewood Avenue","Englewood Avenue - Green Line - Park Street & North","place-engav"
"202",70235,70237,70235,"Englewood Avenue","Englewood Avenue - Green Line - (C) Cleveland Circle","place-engav",70237,"Cleveland Circle","Cleveland Circle - Green Line - Exit Only","place-clmnl"
"203",70155,70239,70155,"Copley","Copley - Green Line - Kenmore & West/Heath Street","place-coecl",70239,"Prudential","Prudential - Green Line - (E) Heath Street","place-prmnl"
"204",70242,70240,70242,"Symphony","Symphony - Green Line - Park Street & North","place-symcl",70240,"Prudential","Prudential - Green Line - Park Street & North","place-prmnl"
"205",70239,70241,70239,"Prudential","Prudential - Green Line - (E) Heath Street","place-prmnl",70241,"Symphony","Symphony - Green Line - (E) Heath Street","place-symcl"
"206",70244,70242,70244,"Northeastern University","Northeastern University - Green Line - Park Street & North","place-nuniv",70242,"Symphony","Symphony - Green Line - Park Street & North","place-symcl"
"207",70241,70243,70241,"Symphony","Symphony - Green Line - (E) Heath Street","place-symcl",70243,"Northeastern University","Northeastern University - Green Line - (E) Heath Street","place-nuniv"
"208",70246,70244,70246,"Museum of Fine Arts","Museum of Fine Arts - Green Line - Park Street & North","place-mfa",70244,"Northeastern University","Northeastern University - Green Line - Park Street & North","place-nuniv"
"209",70243,70245,70243,"Northeastern University","Northeastern University - Green Line - (E) Heath Street","place-nuniv",70245,"Museum of Fine Arts","Museum of Fine Arts - Green Line - (E) Heath Street","place-mfa"
"210",70248,70246,70248,"Longwood Medical Area","Longwood Medical Area - Green Line - Park Street & North","place-lngmd",70246,"Museum of Fine Arts","Museum of Fine Arts - Green Line - Park Street & North","place-mfa"
"211",70245,70247,70245,"Museum of Fine Arts","Museum of Fine Arts - Green Line - (E) Heath Street","place-mfa",70247,"Longwood Medical Area","Longwood Medical Area - Green Line - (E) Heath Street","place-lngmd"
"212",70250,70248,70250,"Brigham Circle","Brigham Circle - Green Line - Park Street & North","place-brmnl",70248,"Longwood Medical Area","Longwood Medical Area - Green Line - Park Street & North","place-lngmd"
"213",70247,70249,70247,"Longwood Medical Area","Longwood Medical Area - Green Line - (E) Heath Street","place-lngmd",70249,"Brigham Circle","Brigham Circle - Green Line - (E) Heath Street","place-brmnl"
"214",70252,70250,70252,"Fenwood Road","Fenwood Road - Green Line - Park Street & North","place-fenwd",70250,"Brigham Circle","Brigham Circle - Green Line - Park Street & North","place-brmnl"
"215",70249,70251,70249,"Brigham Circle","Brigham Circle - Green Line - (E) Heath Street","place-brmnl",70251,"Fenwood Road","Fenwood Road - Green Line - (E) Heath Street","place-fenwd"
"216",70254,70252,70254,"Mission Park","Mission Park - Green Line - Park Street & North","place-mispk",70252,"Fenwood Road","Fenwood Road - Green Line - Park Street & North","place-fenwd"
"217",70251,70253,70251,"Fenwood Road","Fenwood Road - Green Line - (E) Heath Street","place-fenwd",70253,"Mission Park","Mission Park - Green Line - (E) Heath Street","place-mispk"
"218",70256,70254,70256,"Riverway","Riverway - Green Line - Park Street & North","place-rvrwy",70254,"Mission Park","Mission Park - Green Line - Park Street & North","place-mispk"
"219",70253,70255,70253,"Mission Park","Mission Park - Green Line - (E) Heath Street","place-mispk",70255,"Riverway","Riverway - Green Line - (E) Heath Street","place-rvrwy"
"220",70258,70256,70258,"Back of the Hill","Back of the Hill - Green Line - Park Street & North","place-bckhl",70256,"Riverway","Riverway - Green Line - Park Street & North","place-rvrwy"
"221",70255,70257,70255,"Riverway","Riverway - Green Line - (E) Heath Street","place-rvrwy",70257,"Back of the Hill","Back of the Hill - Green Line - (E) Heath Street","place-bckhl"
"222",70260,70258,70260,"Heath Street","Heath Street - Green Line","place-hsmnl",70258,"Back of the Hill","Back of the Hill - Green Line - Park Street & North","place-bckhl"
"223",70032,70278,70032,"Wellington","Wellington - Orange Line - Forest Hills","place-welln",70278,"Assembly","Assembly - Orange Line - Forest Hills","place-astao"
"224",70031,70279,70031,"Sullivan Square","Sullivan Square - Orange Line - Oak Grove","place-sull",70279,"Assembly","Assembly - Orange Line - Oak Grove","place-astao"
